slice_file_name,class,classID
003da8e5.wav,Knock,0
022cc908.wav,Knock,0
025f7eac.wav,Knock,0
03a01285.wav,Knock,0
04a7003c.wav,Knock,0
04ad9aa5.wav,Knock,0
04d0cae4.wav,Knock,0
05149415.wav,Knock,0
06006fca.wav,Knock,0
0784c182.wav,Knock,0
08c931f6.wav,Knock,0
097b5ab0.wav,Knock,0
0aa17642.wav,Knock,0
0b95a1b5.wav,Knock,0
0da86798.wav,Knock,0
0e5c9ed0.wav,Knock,0
0e89fb66.wav,Knock,0
0ff3a423.wav,Knock,0
1071fd84.wav,Knock,0
125e64b7.wav,Knock,0
1387ba89.wav,Knock,0
14d0bd27.wav,Knock,0
14e27632.wav,Knock,0
15d67d1c.wav,Knock,0
1726fa04.wav,Knock,0
182919ec.wav,Knock,0
193ab4fd.wav,Knock,0
1966b87b.wav,Knock,0
1b3b537f.wav,Knock,0
1b9ea226.wav,Knock,0
1bd3ba0b.wav,Knock,0
1bda949f.wav,Knock,0
1c603b9f.wav,Knock,0
1cd6919e.wav,Knock,0
1d95d110.wav,Knock,0
1eddce43.wav,Knock,0
1fee5016.wav,Knock,0
20dafbd4.wav,Knock,0
210f2580.wav,Knock,0
21fbdc6d.wav,Knock,0
22007c10.wav,Knock,0
23786ab2.wav,Knock,0
2588c966.wav,Knock,0
25c11b5d.wav,Knock,0
2665dfa2.wav,Knock,0
26dd557f.wav,Knock,0
28712a45.wav,Knock,0
28aa7f31.wav,Knock,0
28b75c35.wav,Knock,0
28e413d2.wav,Knock,0
29a016e0.wav,Knock,0
2c560330.wav,Knock,0
2cb63f61.wav,Knock,0
2d336768.wav,Knock,0
2ed3c63d.wav,Knock,0
30cdd2b5.wav,Knock,0
31d1119d.wav,Knock,0
32880ae6.wav,Knock,0
330ba9ae.wav,Knock,0
3457a86f.wav,Knock,0
3464ede4.wav,Knock,0
352875e7.wav,Knock,0
35844050.wav,Knock,0
36b2afa9.wav,Knock,0
38f5a8df.wav,Knock,0
39d69471.wav,Knock,0
3d51eb7a.wav,Knock,0
3d678687.wav,Knock,0
3ead1c2e.wav,Knock,0
3f78b9c5.wav,Knock,0
3fbc44fd.wav,Knock,0
42a718ea.wav,Knock,0
42b0e12c.wav,Knock,0
42ef28b8.wav,Knock,0
45b9bc91.wav,Knock,0
47961d9f.wav,Knock,0
48288f8c.wav,Knock,0
4868ac7c.wav,Knock,0
486f34a4.wav,Knock,0
49259032.wav,Knock,0
49e451e6.wav,Knock,0
4a891aae.wav,Knock,0
4b8cb71c.wav,Knock,0
4c9ecc5c.wav,Knock,0
4d08546b.wav,Knock,0
4d740ed8.wav,Knock,0
4e91242e.wav,Knock,0
50114f75.wav,Knock,0
51edf8ee.wav,Knock,0
51fc52e6.wav,Knock,0
53bce2b7.wav,Knock,0
542855bb.wav,Knock,0
55783841.wav,Knock,0
5638382e.wav,Knock,0
56f6f5a1.wav,Knock,0
571f47da.wav,Knock,0
5786e5ed.wav,Knock,0
581afa20.wav,Knock,0
595a7854.wav,Knock,0
59986c41.wav,Knock,0
5cde1aa6.wav,Knock,0
5cec2378.wav,Knock,0
5d53fe7b.wav,Knock,0
5f63bbad.wav,Knock,0
5fd95b59.wav,Knock,0
6123a18d.wav,Knock,0
61461f89.wav,Knock,0
6159836f.wav,Knock,0
61730894.wav,Knock,0
61c168ff.wav,Knock,0
6657fa9a.wav,Knock,0
69e3e709.wav,Knock,0
69fd8eac.wav,Knock,0
6aa12aa0.wav,Knock,0
6affd3c0.wav,Knock,0
6c505bc8.wav,Knock,0
6cd42ef4.wav,Knock,0
6d01bc2c.wav,Knock,0
6d52f8c1.wav,Knock,0
6f44f1b8.wav,Knock,0
707761a4.wav,Knock,0
70a8869f.wav,Knock,0
727f6a7f.wav,Knock,0
744f0497.wav,Knock,0
7ad6dfec.wav,Knock,0
7b6f0648.wav,Knock,0
7c402b12.wav,Knock,0
7cf2f996.wav,Knock,0
7d247397.wav,Knock,0
7d264d04.wav,Knock,0
7f8b3192.wav,Knock,0
808f7ab9.wav,Knock,0
80f1c762.wav,Knock,0
80f5c04c.wav,Knock,0
813bc785.wav,Knock,0
8186d966.wav,Knock,0
81f64557.wav,Knock,0
8260494e.wav,Knock,0
82ce8f1a.wav,Knock,0
834b44c2.wav,Knock,0
83c2f33a.wav,Knock,0
8473a4d6.wav,Knock,0
85400833.wav,Knock,0
86392626.wav,Knock,0
877cf83e.wav,Knock,0
882d631c.wav,Knock,0
88482f9c.wav,Knock,0
8b774232.wav,Knock,0
8bace939.wav,Knock,0
8c4d172c.wav,Knock,0
8c70ed9b.wav,Knock,0
8d915840.wav,Knock,0
8e02faf0.wav,Knock,0
8e4222a4.wav,Knock,0
8e9d1edf.wav,Knock,0
8f9ebf7b.wav,Knock,0
9155f4ee.wav,Knock,0
916a1e9e.wav,Knock,0
93009632.wav,Knock,0
9494e46f.wav,Knock,0
952b79a6.wav,Knock,0
96902014.wav,Knock,0
9699feeb.wav,Knock,0
96bcfc71.wav,Knock,0
9760d7b1.wav,Knock,0
977b44f9.wav,Knock,0
9836ea79.wav,Knock,0
991c3b79.wav,Knock,0
9a3f54d2.wav,Knock,0
9b651a88.wav,Knock,0
9bcdba3b.wav,Knock,0
9d85dc18.wav,Knock,0
9eef5102.wav,Knock,0
a1c0960e.wav,Knock,0
a1c64fe3.wav,Knock,0
a3116a1b.wav,Knock,0
a313a13b.wav,Knock,0
a342889a.wav,Knock,0
a3b00071.wav,Knock,0
a4757637.wav,Knock,0
a624984d.wav,Knock,0
a75ef2e9.wav,Knock,0
a94d7cdc.wav,Knock,0
aa269364.wav,Knock,0
aa8099dd.wav,Knock,0
aa82657e.wav,Knock,0
aaff9b4f.wav,Knock,0
abda19d9.wav,Knock,0
acc31ab9.wav,Knock,0
aff53600.wav,Knock,0
b021b8f1.wav,Knock,0
b1931977.wav,Knock,0
b31387ca.wav,Knock,0
b340e4a2.wav,Knock,0
b35ec39e.wav,Knock,0
b3ac05e6.wav,Knock,0
b3f75e89.wav,Knock,0
b6013534.wav,Knock,0
b77242b9.wav,Knock,0
b922298e.wav,Knock,0
ba1b81bd.wav,Knock,0
ba8deb96.wav,Knock,0
bbd8d6a1.wav,Knock,0
bde1a5f8.wav,Knock,0
bf939cb3.wav,Knock,0
c27d2fc5.wav,Knock,0
c6577a71.wav,Knock,0
c71a719a.wav,Knock,0
c740ceda.wav,Knock,0
c8d682d9.wav,Knock,0
ca415578.wav,Knock,0
ca8f6790.wav,Knock,0
cb65645f.wav,Knock,0
cbe59820.wav,Knock,0
cfb4c434.wav,Knock,0
cfe45dd3.wav,Knock,0
d011c434.wav,Knock,0
d0160c41.wav,Knock,0
d039d135.wav,Knock,0
d112acaa.wav,Knock,0
d1f09f31.wav,Knock,0
d2d41b54.wav,Knock,0
d3ae5c4d.wav,Knock,0
d3d8ab79.wav,Knock,0
d4cd5981.wav,Knock,0
d82f8f87.wav,Knock,0
da0373df.wav,Knock,0
da354910.wav,Knock,0
da38a108.wav,Knock,0
dcd892b1.wav,Knock,0
ddca65f5.wav,Knock,0
de2fe184.wav,Knock,0
de8de828.wav,Knock,0
df1d8082.wav,Knock,0
e1002ae9.wav,Knock,0
e2631f57.wav,Knock,0
e2deee0c.wav,Knock,0
e3707760.wav,Knock,0
e5fced61.wav,Knock,0
e71a5c26.wav,Knock,0
e760039f.wav,Knock,0
e84e08a8.wav,Knock,0
e887fb05.wav,Knock,0
ec193a31.wav,Knock,0
ecba0d5b.wav,Knock,0
ed6377ba.wav,Knock,0
ed94d3ad.wav,Knock,0
efa6c176.wav,Knock,0
efb440b7.wav,Knock,0
efe7e065.wav,Knock,0
f00fcd65.wav,Knock,0
f0274fc5.wav,Knock,0
f0c79f5e.wav,Knock,0
f36f0a75.wav,Knock,0
f5be89e1.wav,Knock,0
f5fe6b2e.wav,Knock,0
f61f0c65.wav,Knock,0
f6cd0ab7.wav,Knock,0
f7335046.wav,Knock,0
f841bbeb.wav,Knock,0
fa842956.wav,Knock,0
fba14686.wav,Knock,0
feea7b08.wav,Knock,0
ffcefb78.wav,Knock,0
ffe16cef.wav,Knock,0
00d3bba3.wav,Telephone,1
01b9f44a.wav,Telephone,1
02a3243a.wav,Telephone,1
058b98f0.wav,Telephone,1
0a925754.wav,Telephone,1
0d661b19.wav,Telephone,1
1131892a.wav,Telephone,1
140027c6.wav,Telephone,1
176b95db.wav,Telephone,1
2017f454.wav,Telephone,1
213b8878.wav,Telephone,1
282f2473.wav,Telephone,1
2a871432.wav,Telephone,1
2e762cca.wav,Telephone,1
311e40c6.wav,Telephone,1
35721b6a.wav,Telephone,1
357f7e95.wav,Telephone,1
38b1ac4e.wav,Telephone,1
3db64708.wav,Telephone,1
3de13acc.wav,Telephone,1
3e20cc09.wav,Telephone,1
41a0e93b.wav,Telephone,1
4310d9eb.wav,Telephone,1
448d0cb1.wav,Telephone,1
44b0d72a.wav,Telephone,1
455377bf.wav,Telephone,1
47e39a38.wav,Telephone,1
48ce73e6.wav,Telephone,1
531a3044.wav,Telephone,1
5abd04cc.wav,Telephone,1
5bb17ecc.wav,Telephone,1
5c61d6dc.wav,Telephone,1
5d6805e8.wav,Telephone,1
6a62bb15.wav,Telephone,1
71cf40e4.wav,Telephone,1
761aa8c0.wav,Telephone,1
7e119ca2.wav,Telephone,1
7fb743e5.wav,Telephone,1
879ed758.wav,Telephone,1
8a853191.wav,Telephone,1
8ae899e7.wav,Telephone,1
8c7b4f0e.wav,Telephone,1
98ad6653.wav,Telephone,1
9a1c79fe.wav,Telephone,1
9cee0b0f.wav,Telephone,1
acace1fa.wav,Telephone,1
b70e9269.wav,Telephone,1
bdaa15ed.wav,Telephone,1
c01e53f9.wav,Telephone,1
cd0f5e44.wav,Telephone,1
cd271584.wav,Telephone,1
d542a510.wav,Telephone,1
d91ee4c3.wav,Telephone,1
dc6afbe5.wav,Telephone,1
dd803ae5.wav,Telephone,1
e18f928a.wav,Telephone,1
eb4f21b9.wav,Telephone,1
ecbf2e5c.wav,Telephone,1
f614ae85.wav,Telephone,1
f69d10f0.wav,Telephone,1
f70dc5b3.wav,Telephone,1
f8742dce.wav,Telephone,1
fb2957a6.wav,Telephone,1
0063ab88.wav,Computer_keyboard,2
02328c03.wav,Computer_keyboard,2
060b8c30.wav,Computer_keyboard,2
065e7bb4.wav,Computer_keyboard,2
08d931c3.wav,Computer_keyboard,2
0994e80c.wav,Computer_keyboard,2
09b901f8.wav,Computer_keyboard,2
0acba147.wav,Computer_keyboard,2
0dd326ca.wav,Computer_keyboard,2
11d883c3.wav,Computer_keyboard,2
151b80e7.wav,Computer_keyboard,2
169192c3.wav,Computer_keyboard,2
1de324d8.wav,Computer_keyboard,2
1e275fbc.wav,Computer_keyboard,2
2924977b.wav,Computer_keyboard,2
29de4510.wav,Computer_keyboard,2
2d189f89.wav,Computer_keyboard,2
2d455eca.wav,Computer_keyboard,2
2eb1e5f9.wav,Computer_keyboard,2
349ff282.wav,Computer_keyboard,2
354cabb9.wav,Computer_keyboard,2
3a89d0e3.wav,Computer_keyboard,2
3b72ed77.wav,Computer_keyboard,2
3b79f91e.wav,Computer_keyboard,2
3bc50b52.wav,Computer_keyboard,2
3dc1faa7.wav,Computer_keyboard,2
438b6454.wav,Computer_keyboard,2
43e872b1.wav,Computer_keyboard,2
44efa03d.wav,Computer_keyboard,2
45539540.wav,Computer_keyboard,2
4c24339c.wav,Computer_keyboard,2
4ed35e10.wav,Computer_keyboard,2
4f077f1b.wav,Computer_keyboard,2
5166ee5a.wav,Computer_keyboard,2
529ca3b3.wav,Computer_keyboard,2
544b7abd.wav,Computer_keyboard,2
548f4a64.wav,Computer_keyboard,2
54c69259.wav,Computer_keyboard,2
56ebef58.wav,Computer_keyboard,2
586cbe20.wav,Computer_keyboard,2
5cddb6d3.wav,Computer_keyboard,2
5f383659.wav,Computer_keyboard,2
61c7235b.wav,Computer_keyboard,2
62992353.wav,Computer_keyboard,2
639573a0.wav,Computer_keyboard,2
64a5a10a.wav,Computer_keyboard,2
66824303.wav,Computer_keyboard,2
6b33850f.wav,Computer_keyboard,2
6cf01b03.wav,Computer_keyboard,2
6fc9c9d5.wav,Computer_keyboard,2
6ff3911e.wav,Computer_keyboard,2
6ffb293d.wav,Computer_keyboard,2
7099edab.wav,Computer_keyboard,2
715f247f.wav,Computer_keyboard,2
71880131.wav,Computer_keyboard,2
727cc413.wav,Computer_keyboard,2
737b7050.wav,Computer_keyboard,2
756c0e90.wav,Computer_keyboard,2
78257899.wav,Computer_keyboard,2
7a61b4f2.wav,Computer_keyboard,2
7bb60688.wav,Computer_keyboard,2
7e60cedc.wav,Computer_keyboard,2
7f268b2d.wav,Computer_keyboard,2
80ee3cc7.wav,Computer_keyboard,2
82eec9f2.wav,Computer_keyboard,2
833284de.wav,Computer_keyboard,2
86a9ffb6.wav,Computer_keyboard,2
8865cc0e.wav,Computer_keyboard,2
896797e3.wav,Computer_keyboard,2
8c0e42bb.wav,Computer_keyboard,2
8e30295e.wav,Computer_keyboard,2
8eae7d07.wav,Computer_keyboard,2
916f2fba.wav,Computer_keyboard,2
91809693.wav,Computer_keyboard,2
9883561e.wav,Computer_keyboard,2
9d5784e8.wav,Computer_keyboard,2
9d9735fd.wav,Computer_keyboard,2
9f534065.wav,Computer_keyboard,2
a4f2be4f.wav,Computer_keyboard,2
a77eb36f.wav,Computer_keyboard,2
a9bd898d.wav,Computer_keyboard,2
a9f11d74.wav,Computer_keyboard,2
aa3a11a4.wav,Computer_keyboard,2
ab3e0bf2.wav,Computer_keyboard,2
ad9c9701.wav,Computer_keyboard,2
b1c70a0c.wav,Computer_keyboard,2
b22ea7c6.wav,Computer_keyboard,2
b51a5a03.wav,Computer_keyboard,2
b63eadcd.wav,Computer_keyboard,2
ba7151cd.wav,Computer_keyboard,2
ba94b55b.wav,Computer_keyboard,2
bc86b3c7.wav,Computer_keyboard,2
beeb29b2.wav,Computer_keyboard,2
c015af58.wav,Computer_keyboard,2
c082b381.wav,Computer_keyboard,2
c4ed0653.wav,Computer_keyboard,2
c4ff751a.wav,Computer_keyboard,2
c73df634.wav,Computer_keyboard,2
c80ecf6a.wav,Computer_keyboard,2
cd3e20ec.wav,Computer_keyboard,2
cfccd445.wav,Computer_keyboard,2
d12898f1.wav,Computer_keyboard,2
d1c54441.wav,Computer_keyboard,2
d2c6aa69.wav,Computer_keyboard,2
d681e33e.wav,Computer_keyboard,2
d6c04b7d.wav,Computer_keyboard,2
d9ece336.wav,Computer_keyboard,2
dc5fc5c5.wav,Computer_keyboard,2
ddd71129.wav,Computer_keyboard,2
e0862ccc.wav,Computer_keyboard,2
e2420b24.wav,Computer_keyboard,2
e45a3fed.wav,Computer_keyboard,2
e5a53448.wav,Computer_keyboard,2
ebcbdd41.wav,Computer_keyboard,2
eefee001.wav,Computer_keyboard,2
f79a22a1.wav,Computer_keyboard,2
fc950d92.wav,Computer_keyboard,2
feadb031.wav,Computer_keyboard,2
ffcb5c56.wav,Computer_keyboard,2
0448.wav,Telephone,1
0449.wav,Telephone,1
0450.wav,Telephone,1
0451.wav,Telephone,1
0742.wav,Telephone,1
0743.wav,Telephone,1
0744.wav,Telephone,1
0745.wav,Telephone,1
0746.wav,Telephone,1
1034.wav,Telephone,1
1035.wav,Telephone,1
1111.wav,Telephone,1
1699.wav,Telephone,1
iphone.wav,Telephone,1
nokia-tune.wav,Telephone,1
talk-english (1).wav,Talking,3
talk-english (10).wav,Talking,3
talk-english (101).wav,Talking,3
talk-english (102).wav,Talking,3
talk-english (105).wav,Talking,3
talk-english (107).wav,Talking,3
talk-english (11).wav,Talking,3
talk-english (12).wav,Talking,3
talk-english (13).wav,Talking,3
talk-english (15).wav,Talking,3
talk-english (17).wav,Talking,3
talk-english (18).wav,Talking,3
talk-english (19).wav,Talking,3
talk-english (2).wav,Talking,3
talk-english (20).wav,Talking,3
talk-english (21).wav,Talking,3
talk-english (22).wav,Talking,3
talk-english (23).wav,Talking,3
talk-english (24).wav,Talking,3
talk-english (25).wav,Talking,3
talk-english (26).wav,Talking,3
talk-english (27).wav,Talking,3
talk-english (28).wav,Talking,3
talk-english (29).wav,Talking,3
talk-english (3).wav,Talking,3
talk-english (30).wav,Talking,3
talk-english (31).wav,Talking,3
talk-english (32).wav,Talking,3
talk-english (33).wav,Talking,3
talk-english (34).wav,Talking,3
talk-english (36).wav,Talking,3
talk-english (37).wav,Talking,3
talk-english (38).wav,Talking,3
talk-english (39).wav,Talking,3
talk-english (4).wav,Talking,3
talk-english (40).wav,Talking,3
talk-english (41).wav,Talking,3
talk-english (42).wav,Talking,3
talk-english (43).wav,Talking,3
talk-english (45).wav,Talking,3
talk-english (46).wav,Talking,3
talk-english (47).wav,Talking,3
talk-english (48).wav,Talking,3
talk-english (49).wav,Talking,3
talk-english (50).wav,Talking,3
talk-english (51).wav,Talking,3
talk-english (52).wav,Talking,3
talk-english (53).wav,Talking,3
talk-english (55).wav,Talking,3
talk-english (57).wav,Talking,3
talk-english (58).wav,Talking,3
talk-english (59).wav,Talking,3
talk-english (6).wav,Talking,3
talk-english (60).wav,Talking,3
talk-english (62).wav,Talking,3
talk-english (65).wav,Talking,3
talk-english (66).wav,Talking,3
talk-english (67).wav,Talking,3
talk-english (68).wav,Talking,3
talk-english (69).wav,Talking,3
talk-english (7).wav,Talking,3
talk-english (71).wav,Talking,3
talk-english (73).wav,Talking,3
talk-english (75).wav,Talking,3
talk-english (76).wav,Talking,3
talk-english (77).wav,Talking,3
talk-english (78).wav,Talking,3
talk-english (79).wav,Talking,3
talk-english (8).wav,Talking,3
talk-english (81).wav,Talking,3
talk-english (82).wav,Talking,3
talk-english (84).wav,Talking,3
talk-english (87).wav,Talking,3
talk-english (88).wav,Talking,3
talk-english (89).wav,Talking,3
talk-english (9).wav,Talking,3
talk-english (90).wav,Talking,3
talk-english (91).wav,Talking,3
talk-english (92).wav,Talking,3
talk-english (93).wav,Talking,3
talk-english (95).wav,Talking,3
talk-english (96).wav,Talking,3
talk-viet (1).wav,Talking,3
talk-viet (10).wav,Talking,3
talk-viet (100).wav,Talking,3
talk-viet (11).wav,Talking,3
talk-viet (12).wav,Talking,3
talk-viet (13).wav,Talking,3
talk-viet (14).wav,Talking,3
talk-viet (15).wav,Talking,3
talk-viet (16).wav,Talking,3
talk-viet (17).wav,Talking,3
talk-viet (18).wav,Talking,3
talk-viet (19).wav,Talking,3
talk-viet (20).wav,Talking,3
talk-viet (21).wav,Talking,3
talk-viet (22).wav,Talking,3
talk-viet (23).wav,Talking,3
talk-viet (24).wav,Talking,3
talk-viet (25).wav,Talking,3
talk-viet (26).wav,Talking,3
talk-viet (27).wav,Talking,3
talk-viet (28).wav,Talking,3
talk-viet (29).wav,Talking,3
talk-viet (30).wav,Talking,3
talk-viet (31).wav,Talking,3
talk-viet (32).wav,Talking,3
talk-viet (33).wav,Talking,3
talk-viet (34).wav,Talking,3
talk-viet (35).wav,Talking,3
talk-viet (36).wav,Talking,3
talk-viet (37).wav,Talking,3
talk-viet (38).wav,Talking,3
talk-viet (39).wav,Talking,3
talk-viet (4).wav,Talking,3
talk-viet (40).wav,Talking,3
talk-viet (41).wav,Talking,3
talk-viet (42).wav,Talking,3
talk-viet (43).wav,Talking,3
talk-viet (44).wav,Talking,3
talk-viet (45).wav,Talking,3
talk-viet (46).wav,Talking,3
talk-viet (47).wav,Talking,3
talk-viet (48).wav,Talking,3
talk-viet (49).wav,Talking,3
talk-viet (5).wav,Talking,3
talk-viet (50).wav,Talking,3
talk-viet (51).wav,Talking,3
talk-viet (52).wav,Talking,3
talk-viet (53).wav,Talking,3
talk-viet (54).wav,Talking,3
talk-viet (55).wav,Talking,3
talk-viet (56).wav,Talking,3
talk-viet (57).wav,Talking,3
talk-viet (58).wav,Talking,3
talk-viet (59).wav,Talking,3
talk-viet (6).wav,Talking,3
talk-viet (60).wav,Talking,3
talk-viet (61).wav,Talking,3
talk-viet (62).wav,Talking,3
talk-viet (63).wav,Talking,3
talk-viet (64).wav,Talking,3
talk-viet (65).wav,Talking,3
talk-viet (66).wav,Talking,3
talk-viet (67).wav,Talking,3
talk-viet (68).wav,Talking,3
talk-viet (69).wav,Talking,3
talk-viet (7).wav,Talking,3
talk-viet (70).wav,Talking,3
talk-viet (71).wav,Talking,3
talk-viet (72).wav,Talking,3
talk-viet (73).wav,Talking,3
talk-viet (74).wav,Talking,3
talk-viet (75).wav,Talking,3
talk-viet (76).wav,Talking,3
talk-viet (77).wav,Talking,3
talk-viet (78).wav,Talking,3
talk-viet (79).wav,Talking,3
talk-viet (8).wav,Talking,3
talk-viet (80).wav,Talking,3
talk-viet (81).wav,Talking,3
talk-viet (82).wav,Talking,3
talk-viet (83).wav,Talking,3
talk-viet (84).wav,Talking,3
talk-viet (85).wav,Talking,3
talk-viet (86).wav,Talking,3
talk-viet (87).wav,Talking,3
talk-viet (88).wav,Talking,3
talk-viet (89).wav,Talking,3
talk-viet (9).wav,Talking,3
talk-viet (90).wav,Talking,3
talk-viet (91).wav,Talking,3
talk-viet (92).wav,Talking,3
talk-viet (93).wav,Talking,3
talk-viet (94).wav,Talking,3
talk-viet (95).wav,Talking,3
talk-viet (96).wav,Talking,3
talk-viet (97).wav,Talking,3
talk-viet (98).wav,Talking,3
talk-viet (99).wav,Talking,3
194698.wav,glass_breaking,4
204116.wav,glass_breaking,4
204118.wav,glass_breaking,4
204124.wav,glass_breaking,4
204126.wav,glass_breaking,4
204128.wav,glass_breaking,4
204135.wav,glass_breaking,4
213155.wav,glass_breaking,4
213166.wav,glass_breaking,4
216279.wav,glass_breaking,4
216280.wav,glass_breaking,4
245167.wav,glass_breaking,4
331913.wav,glass_breaking,4
331922.wav,glass_breaking,4
331923.wav,glass_breaking,4
331924.wav,glass_breaking,4
331925.wav,glass_breaking,4
331926.wav,glass_breaking,4
331927.wav,glass_breaking,4
344272.wav,glass_breaking,4
353155.wav,glass_breaking,4
36392.wav,glass_breaking,4
368330.wav,glass_breaking,4
368352.wav,glass_breaking,4
368943.wav,glass_breaking,4
369238.wav,glass_breaking,4
383978.wav,glass_breaking,4
39241.wav,glass_breaking,4
39242.wav,glass_breaking,4
39244.wav,glass_breaking,4
63353.wav,glass_breaking,4
68653.wav,glass_breaking,4
68694.wav,glass_breaking,4
88811.wav,glass_breaking,4
88820.wav,glass_breaking,4
88821.wav,glass_breaking,4
88822.wav,glass_breaking,4
88837.wav,glass_breaking,4
88859.wav,glass_breaking,4
88862.wav,glass_breaking,4
88866.wav,glass_breaking,4
88870.wav,glass_breaking,4
88871.wav,glass_breaking,4
88872.wav,glass_breaking,4
88876.wav,glass_breaking,4
88881.wav,glass_breaking,4
88884.wav,glass_breaking,4
88886.wav,glass_breaking,4
88888.wav,glass_breaking,4
88891.wav,glass_breaking,4
88892.wav,glass_breaking,4
88893.wav,glass_breaking,4
88898.wav,glass_breaking,4
94800.wav,glass_breaking,4
Big-Glass-Breaking-Combo-www.fesliyanstudios.com.wav,glass_breaking,4
bottle-break-SF.wav,glass_breaking,4
break.wav,glass_breaking,4
Breaking-Metal-Bottle-Impact-A1-www.fesliyanstudios.com.wav,glass_breaking,4
break_glass_07b.wav,glass_breaking,4
Car-Window-Glass-Breaking--shattering--www.fesliyanstudios.com.wav,glass_breaking,4
Glass-Bottle-Shattering-A2-www.fesliyanstudios.com.wav,glass_breaking,4
Glass-Bottle-Shattering-A3-www.fesliyanstudios.com.wav,glass_breaking,4
Glass-Bottle-Shattering-A4-www.fesliyanstudios.com.wav,glass_breaking,4
Glass-Bottle-Shattering-www.fesliyanstudios.com.wav,glass_breaking,4
glass_break-SF.wav,glass_breaking,4
Hammer-Hitting-And-Breaking-Glass-Shattering-www.fesliyanstudios.com.wav,glass_breaking,4
impact-window61-SF.wav,glass_breaking,4
sf_break_glass_17.wav,glass_breaking,4
Shattering-Big-Glass-www.fesliyanstudios.com.wav,glass_breaking,4
Shattering-Glass-2-www.fesliyanstudios.com.wav,glass_breaking,4
Shattering-Glass-3-www.fesliyanstudios.com.wav,glass_breaking,4
Small-Glass-Explosion-www.fesliyanstudios.com.wav,glass_breaking,4
Small-Piece-of-Glass-Shattering--www.fesliyanstudios.com.wav,glass_breaking,4
Small-Piece-Of-Glass-Shattering-A2-www.fesliyanstudios.com.wav,glass_breaking,4
Small-Piece-Of-Glass-Shattering-A3-www.fesliyanstudios.com.wav,glass_breaking,4
Small-Piece-Of-Glass-Shattering-Sound-A4-www.fesliyanstudios.com.wav,glass_breaking,4
spa_crowbar_metal_impact_hit_car_glass_02.wav,glass_breaking,4
spa_glass_bottle_glass_break_small_multiple_events.wav,glass_breaking,4
Wine-Glass-Shatering-A1-www.fesliyanstudios.com.wav,glass_breaking,4
Wine-Glass-Shatering-A2-www.fesliyanstudios.com.wav,glass_breaking,4
Wine-Glass-Shatering-A3-www.fesliyanstudios.com.wav,glass_breaking,4
Wine-Glass-Shatering-A4-www.fesliyanstudios.com.wav,glass_breaking,4
zapsplat_impacts_glass_soccer_ball_hit_bottle_knock_over_smash_ground_48212.wav,glass_breaking,4
1-20133-A-39.wav,glass_breaking,4
1-84536-A-39.wav,glass_breaking,4
1-84704-A-39.wav,glass_breaking,4
1-84705-A-39.wav,glass_breaking,4
1-85168-A-39.wav,glass_breaking,4
1-85184-A-39.wav,glass_breaking,4
1-88807-A-39.wav,glass_breaking,4
1-977-A-39.wav,glass_breaking,4
2-106881-A-39.wav,glass_breaking,4
2-112213-A-39.wav,glass_breaking,4
2-112213-B-39.wav,glass_breaking,4
2-141563-A-39.wav,glass_breaking,4
2-173559-A-39.wav,glass_breaking,4
2-173607-A-39.wav,glass_breaking,4
2-173618-A-39.wav,glass_breaking,4
2-250710-A-39.wav,glass_breaking,4
3-203371-A-39.wav,glass_breaking,4
3-203373-A-39.wav,glass_breaking,4
3-203374-A-39.wav,glass_breaking,4
3-203375-A-39.wav,glass_breaking,4
3-203377-A-39.wav,glass_breaking,4
3-216280-A-39.wav,glass_breaking,4
3-216281-A-39.wav,glass_breaking,4
3-216284-A-39.wav,glass_breaking,4
4-204115-A-39.wav,glass_breaking,4
4-204119-A-39.wav,glass_breaking,4
4-204121-A-39.wav,glass_breaking,4
4-204123-A-39.wav,glass_breaking,4
4-204777-A-39.wav,glass_breaking,4
4-204777-B-39.wav,glass_breaking,4
4-204777-C-39.wav,glass_breaking,4
4-212698-A-39.wav,glass_breaking,4
5-221528-A-39.wav,glass_breaking,4
5-221529-A-39.wav,glass_breaking,4
5-233605-A-39.wav,glass_breaking,4
5-233607-A-39.wav,glass_breaking,4
5-257642-A-39.wav,glass_breaking,4
5-260432-A-39.wav,glass_breaking,4
5-260433-A-39.wav,glass_breaking,4
5-260434-A-39.wav,glass_breaking,4
126877__bulbastre__breaking-glass-1.wav,glass_breaking,4
127543__romulofs__glass-hit.wav,glass_breaking,4
141563__avrahamy__glass-break.wav,glass_breaking,4
145562__black-snow__glass-smash.wav,glass_breaking,4
147867__letssfx__shatter.wav,glass_breaking,4
148073__sandyrb__lightbulb-smash-003.wav,glass_breaking,4
148074__sandyrb__lightbulb-smash-002.wav,glass_breaking,4
155620__samueljustice00__impact-glass-big-window-pane-smash-hammer-loud-ntg3-h4n-20120513.wav,glass_breaking,4
156578__splicesound__picture-frame-dropped-on-wood-floor-shatters.wav,glass_breaking,4
159462__gr3ave5y__samgreaves-glasssmash-01.wav,glass_breaking,4
173557__gevaroy__004.wav,glass_breaking,4
173558__gevaroy__003.wav,glass_breaking,4
173559__gevaroy__002.wav,glass_breaking,4
173560__gevaroy__001.wav,glass_breaking,4
173576__gevaroy__006.wav,glass_breaking,4
173577__gevaroy__006-02.wav,glass_breaking,4
173578__gevaroy__006-01.wav,glass_breaking,4
173579__gevaroy__005.wav,glass_breaking,4
173580__gevaroy__008.wav,glass_breaking,4
173581__gevaroy__007.wav,glass_breaking,4
173585__gevaroy__025.wav,glass_breaking,4
173586__gevaroy__026.wav,glass_breaking,4
173591__gevaroy__019.wav,glass_breaking,4
173592__gevaroy__020.wav,glass_breaking,4
173593__gevaroy__017.wav,glass_breaking,4
173594__gevaroy__018.wav,glass_breaking,4
173595__gevaroy__023.wav,glass_breaking,4
173600__gevaroy__024.wav,glass_breaking,4
173601__gevaroy__021.wav,glass_breaking,4
173602__gevaroy__022.wav,glass_breaking,4
173604__gevaroy__012.wav,glass_breaking,4
173605__gevaroy__011.wav,glass_breaking,4
173606__gevaroy__010.wav,glass_breaking,4
173607__gevaroy__009.wav,glass_breaking,4
173608__gevaroy__015.wav,glass_breaking,4
173609__gevaroy__015-01.wav,glass_breaking,4
173610__gevaroy__014.wav,glass_breaking,4
173611__gevaroy__013.wav,glass_breaking,4
173614__gevaroy__016.wav,glass_breaking,4
173618__gevaroy__027.wav,glass_breaking,4
173619__gevaroy__027-01.wav,glass_breaking,4
173620__gevaroy__029.wav,glass_breaking,4
173621__gevaroy__028.wav,glass_breaking,4
173622__gevaroy__030.wav,glass_breaking,4
173623__gevaroy__030-01.wav,glass_breaking,4
176650__jorickhoofd__throwing-out-glass-breaking-close-perspective-city-ambience.wav,glass_breaking,4
179228__jorickhoofd__breaking-glass-2.wav,glass_breaking,4
179230__jorickhoofd__breaking-glass-10.wav,glass_breaking,4
179231__jorickhoofd__breaking-glass-7.wav,glass_breaking,4
179234__jorickhoofd__breaking-glass-4.wav,glass_breaking,4
179235__jorickhoofd__breaking-glass-9.wav,glass_breaking,4
179241__jorickhoofd__breaking-glass-14.wav,glass_breaking,4
179242__jorickhoofd__breaking-glass-13.wav,glass_breaking,4
179249__jorickhoofd__breaking-saucer.wav,glass_breaking,4
179250__jorickhoofd__breaking-plate-2.wav,glass_breaking,4
179251__jorickhoofd__breaking-plate-1.wav,glass_breaking,4
179259__jorickhoofd__dropping-glass-shard-3.wav,glass_breaking,4
179264__jorickhoofd__exploding-lightbulb-2.wav,glass_breaking,4
194682__kingsrow__breakingvase04.wav,glass_breaking,4
194683__kingsrow__breakingvase03.wav,glass_breaking,4
194684__kingsrow__breakingvase02.wav,glass_breaking,4
20133__gezortenplotz__breaking-glass.wav,glass_breaking,4
203369__c-rogers__glass-in-bucket-3thumps.wav,glass_breaking,4
203372__c-rogers__glass-shattering-04.wav,glass_breaking,4
203373__c-rogers__glass-shattering-03.wav,glass_breaking,4
203374__c-rogers__glass-shattering-02.wav,glass_breaking,4
203375__c-rogers__glass-shattering-01.wav,glass_breaking,4
203380__c-rogers__glass-shard-bounce-3.wav,glass_breaking,4
204116__craxic__glass01-proc.wav,glass_breaking,4
204121__craxic__glass02.wav,glass_breaking,4
204122__craxic__glass02-proc.wav,glass_breaking,4
204124__craxic__glass04-proc.wav,glass_breaking,4
204134__craxic__glass10.wav,glass_breaking,4
204141__craxic__glass06-proc.wav,glass_breaking,4
204142__craxic__glass05.wav,glass_breaking,4
204143__craxic__glass05-proc.flac,glass_breaking,4
204185__reg7783__breaking-glass1.wav,glass_breaking,4
204686__craxic__glass08-proc.wav,glass_breaking,4
204687__craxic__glass07.wav,glass_breaking,4
204688__craxic__glass07-proc.wav,glass_breaking,4
204692__craxic__glass09.wav,glass_breaking,4
204695__craxic__glass23.wav,glass_breaking,4
204698__craxic__glass26.wav,glass_breaking,4
212698__dasebr__breaking-a-glass-bottle.wav,glass_breaking,4
213155__arnaud-coutancier__broken-bottle-verre-02.wav,glass_breaking,4
213159__arnaud-coutancier__broken-bottle-verre-06.wav,glass_breaking,4
213163__arnaud-coutancier__broken-bottle-verre-12.wav,glass_breaking,4
213164__arnaud-coutancier__broken-bottle-verre-11.wav,glass_breaking,4
213166__arnaud-coutancier__broken-bottle-verre-14.wav,glass_breaking,4
216279__rsilveira-88__breaking-glass-20.wav,glass_breaking,4
216280__rsilveira-88__breaking-glass-21.wav,glass_breaking,4
216281__rsilveira-88__breaking-glass-13.wav,glass_breaking,4
216283__rsilveira-88__breaking-glass-11.wav,glass_breaking,4
216284__rsilveira-88__breaking-glass-10.wav,glass_breaking,4
216286__rsilveira-88__breaking-glass-16.wav,glass_breaking,4
216290__rsilveira-88__breaking-glass-18.wav,glass_breaking,4
216291__rsilveira-88__breaking-glass-03.wav,glass_breaking,4
216298__rsilveira-88__breaking-glass-09.wav,glass_breaking,4
216299__rsilveira-88__breaking-glass-08.wav,glass_breaking,4
219837__qubodup__glass-drop-4.wav,glass_breaking,4
219842__qubodup__glass-drop-7.wav,glass_breaking,4
219844__qubodup__glass-drop-5.wav,glass_breaking,4
219940__qubodup__glass-shatter-mix.wav,glass_breaking,4
221528__unfa__glass-break.wav,glass_breaking,4
221531__unfa__glass-break-3.wav,glass_breaking,4
232176__nick121087__glass-break.wav,glass_breaking,4
233605__agaxly__breaking-glass-3.wav,glass_breaking,4
244238__chewiesmissus__glass-smash.wav,glass_breaking,4
245167__deleted-user-4401185__glass-breaking.wav,glass_breaking,4
245410__cymeon__breaking-glass.wav,glass_breaking,4
249873__reddagger__crash.wav,glass_breaking,4
250709__aiwha__glass-break-2.wav,glass_breaking,4
250710__aiwha__glass-break-1.wav,glass_breaking,4
254993__klankbeeld__breaking-window-002-141113-0451.wav,glass_breaking,4
257791__klankbeeld__breaking-window-004-141113-0452.wav,glass_breaking,4
270517__ylearkisto__lasi-rikki-isompi-glass-break-a-bigger-glass-object-falls-on-the-floor-clunk-tinkle-2-x.wav,glass_breaking,4
270518__ylearkisto__lasi-rikki-glass-breake-a-drinking-glass-falls-on-the-floor-and-brakes-shatters-various-takes.wav,glass_breaking,4
270816__ylearkisto__pullo-lasipullo-rikki-glass-bottle-breaks-on-the-street-a-few-versions.wav,glass_breaking,4
272489__ferguido__glass-breaking-with-water-layered.wav,glass_breaking,4
276938__gladkiy__breaking-glass-mirror-rode-ntg3.wav,glass_breaking,4
315646__thesoundcatcher__glas-window-drop-slices-on-floor-01-clip.wav,glass_breaking,4
315647__thesoundcatcher__glas-multiple-slices-drop-on-floor-debris-01.wav,glass_breaking,4
321139__jsbarrett__breaking-glass.wav,glass_breaking,4
321143__rodincoil__concrete-and-glass-breaking-in-dumpster.wav,glass_breaking,4
322602__natty23__small-glass-break.wav,glass_breaking,4
322603__natty23__glass-break.wav,glass_breaking,4
324645__ylearkisto__laseja-rikki-glass-break-a-table-falls-crash-lots-of-glass-fall-on-the-floor-and-break-mix.wav,glass_breaking,4
331913__andre-desartistes__bris-004.wav,glass_breaking,4
341070__hifijohn__breaking-glass.wav,glass_breaking,4
344265__inspectorj__glass-smash-bottle-d.wav,glass_breaking,4
344268__inspectorj__glass-smash-bottle-a.wav,glass_breaking,4
344269__inspectorj__glass-smash-bottle-h.wav,glass_breaking,4
344271__inspectorj__glass-smash-bottle-f.wav,glass_breaking,4
344272__inspectorj__glass-smash-bottle-e.wav,glass_breaking,4
346173__vsokorelos__glass-break-001.wav,glass_breaking,4
347648__fennelliott__glass-breaking.wav,glass_breaking,4
349240__natty23__glass-break-2.wav,glass_breaking,4
352746__rosebugg__glass-breaking.wav,glass_breaking,4
353626__drmarkreuter__smashing-glass.wav,glass_breaking,4
366738__anandthethird__glass-shattering.wav,glass_breaking,4
367448__lluiset7__trencadissa.wav,glass_breaking,4
368328__johandeecke__glass-hit-16.wav,glass_breaking,4
368330__johandeecke__glass-hit-14.wav,glass_breaking,4
368331__johandeecke__glass-hit-13.wav,glass_breaking,4
368333__johandeecke__glass-hit-17.wav,glass_breaking,4
368334__johandeecke__glass-hit-35.wav,glass_breaking,4
368335__johandeecke__glass-hit-36.wav,glass_breaking,4
368342__johandeecke__glass-hit-31.wav,glass_breaking,4
368350__johandeecke__glass-hit-23.wav,glass_breaking,4
368352__johandeecke__glass-hit-27.wav,glass_breaking,4
368355__johandeecke__glass-hit-4.wav,glass_breaking,4
368356__johandeecke__glass-hit-7.wav,glass_breaking,4
369070__lazylids__breaking-mirror.wav,glass_breaking,4
371092__mccormick-iain__glass-break-3.wav,glass_breaking,4
371093__mccormick-iain__glass-break-2.wav,glass_breaking,4
376197__alancat__bottledump1b.wav,glass_breaking,4
376462__mystikuum__breaking-glass.wav,glass_breaking,4
378285__13gpanska-langerova-lucie__destruction-of-bottle.wav,glass_breaking,4
383978__chrisreierson__bottle-break.wav,glass_breaking,4
383988__chrisreierson__glass-and-scrap-metal-trash-hit.wav,glass_breaking,4
387349__cosmicembers__powerful-crush.wav,glass_breaking,4
390729__funwithsound__breaking-glass-3.wav,glass_breaking,4
409297__sound-2425__breaking-glass.wav,glass_breaking,4
414047__urupin__the-broken-mirror.wav,glass_breaking,4
42901__freqman__glass-break-3.wav,glass_breaking,4
42903__freqman__glass-break-5.wav,glass_breaking,4
42904__freqman__glass-break.wav,glass_breaking,4
42907__freqman__wine-glass-break.wav,glass_breaking,4
434449__mysterypancake__glass-smash-6.wav,glass_breaking,4
47013__hydrophobiciguana__glass-break-3.wav,glass_breaking,4
59263__rock-savage__crash-glass.wav,glass_breaking,4
63353__dobroide__20081115-glass-disposal.wav,glass_breaking,4
65902__bristolstories__break-wine-glass.wav,glass_breaking,4
65918__bristolstories__wine-glass-bits-hit.wav,glass_breaking,4
66519__connum__breaking-a-bottle-no1.wav,glass_breaking,4
68449__cdrk__broken-bottle-01.wav,glass_breaking,4
68653__mikaelfernstrom__breaking3glasses.wav,glass_breaking,4
68654__mikaelfernstrom__breakingglass.wav,glass_breaking,4
71947__cmusounddesign__bm-glass-break.wav,glass_breaking,4
85184__cmusounddesign__mp-glass-break.wav,glass_breaking,4
92642__cgeffex__light-bulb-pop.wav,glass_breaking,4
92643__cgeffex__light-bulb-pops.wav,glass_breaking,4
93299__robinhood76__01537-breaking-glass-1.wav,glass_breaking,4
93449__robinhood76__01539-breaking-glass-3.wav,glass_breaking,4
978__rhumphries__rbh-glass-break-02.wav,glass_breaking,4
979__rhumphries__rbh-glass-break-03.wav,glass_breaking,4
98054__tomlija__wine-bottle-break-1.wav,glass_breaking,4
981__rhumphries__rbh-glass-break-05.wav,glass_breaking,4
98650__tomlija__beer-bottle-break-2.wav,glass_breaking,4
17395_download_nokia_ringtone_nokia_ringtones.wav,Telephone,1
1955_download_samsung_chimes_ringtone.wav,Telephone,1
1972_download_samsung_trickie_ringtone.wav,Telephone,1
2013_download_samsung_tune_ringtone.wav,Telephone,1
2084_download_samsung_ringtone.wav,Telephone,1
25874_download_nokia_ringtone_mp3_ringtones.wav,Telephone,1
31065_download_nokia_ringtone_nokia_ringtones.wav,Telephone,1
38113_download_nokiatune_ringtone_nokia_ringtones.wav,Telephone,1
5528_download_nokia_8_ringtone.wav,Telephone,1
5561_download_nokia_ringtone.wav,Telephone,1
5603_download_nokiadjsms_ringtone.wav,Telephone,1
5623_download_nokianewmessage_ringtone.wav,Telephone,1
6505_download_samsung_2013_ringtone.wav,Telephone,1
6553_download_new_samsung_ringtone.wav,Telephone,1
6569_download_samsung_focused_ringtone.wav,Telephone,1
6609_download_samsung_ringtone_ringtone.wav,Telephone,1
6722_download_samsung_sms1_ringtone.wav,Telephone,1
7847_download_samsungs4tone2013_ringtone.wav,Telephone,1
7849_download_samsungs5ringtone_ringtone.wav,Telephone,1
